{"Number of Existing Stories": [78.0, 0.0, 5.705773271157344, 3.0, [2.0, 3.0, 4.0], 42784], "Number of Proposed Stories": [78.0, 0.0, 5.745042683552092, 3.0, [2.0, 3.0, 4.0], 42868], "Estimated Cost": [537958646.0, 1.0, 168955.44329681536, 11000.0, [3300.0, 11000.0, 35000.0], 38066], "Revised Cost": [780500000.0, 0.0, 132856.1864917494, 7000.0, [1.0, 7000.0, 28710.0], 6066], "Existing Units": [1907.0, 0.0, 15.666164275729155, 1.0, [1.0, 1.0, 4.0], 51538], "Proposed Units": [1911.0, 0.0, 16.510950138185947, 2.0, [1.0, 2.0, 4.0], 50911]}