{"Drive": [35, 1, 12.316158434881576, 12, [6, 12, 18], 0], "qtr": [5, 1, 2.5774121386942954, 3, [2, 3, 4], 0], "down": [4.0, 1.0, 2.0024759475260723, 2.0, [1.0, 2.0, 3.0], 61154], "TimeUnder": [15, 0, 7.374200368909558, 7, [3, 7, 11], 0], "TimeSecs": [3600.0, -900.0, 1695.2689440048691, 1800.0, [778.0, 1800.0, 2585.0], 224], "PlayTimeDiff": [943.0, 0.0, 20.576762334128926, 17.0, [5.0, 17.0, 37.0], 444], "yrdln": [50.0, 1.0, 28.48832733600755, 30.0, [20.0, 30.0, 39.0], 840], "yrdline100": [99.0, 1.0, 48.644080836086204, 49.0, [30.0, 49.0, 70.0], 840], "ydstogo": [50, 0, 7.3094032691666175, 9, [3, 9, 10], 0], "ydsnet": [99, -87, 25.945517160181314, 19, [5, 19, 43], 0], "Yards.Gained": [99, -74, 4.99422107101509, 1, [0, 1, 7], 0], "AirYards": [84, -70, 3.264005808363258, 0, [0, 0, 4], 0], "YardsAfterCatch": [90, -81, 1.2525975746158828, 0, [0, 0, 0], 0], "FieldGoalDistance": [71.0, 18.0, 37.46513187304426, 38.0, [29.0, 38.0, 46.0], 398740], "Penalty.Yards": [66, 0, 0.613672710504111, 0, [0, 0, 0], 0], "PosTeamScore": [61.0, 0.0, 10.201423904365729, 7.0, [2.0, 7.0, 16.0], 26904], "DefTeamScore": [61.0, 0.0, 11.414484327072566, 10.0, [3.0, 10.0, 17.0], 26904], "ScoreDiff": [59.0, -59.0, -1.1865900182910896, 0.0, [-7.0, 0.0, 4.0], 24988], "AbsScoreDiff": [59.0, 0.0, 7.783541325265768, 7.0, [3.0, 7.0, 11.0], 26904], "posteam_timeouts_pre": [3, 0, 2.5212392810188184, 3, [2, 3, 3], 0], "HomeTimeouts_Remaining_Pre": [3, -3, 2.540479484311532, 3, [2, 3, 3], 0], "AwayTimeouts_Remaining_Pre": [3, -1, 2.5172215027177645, 3, [2, 3, 3], 0], "HomeTimeouts_Remaining_Post": [3, -3, 2.5201183257785367, 3, [2, 3, 3], 0], "AwayTimeouts_Remaining_Post": [3, -1, 2.496367320107533, 3, [2, 3, 3], 0], "No_Score_Prob": [1.0, 0.0, 0.12781645435914984, 0.02477112565758044, [0.002791472158182764, 0.02477112565758044, 0.17250877479736856], 176], "Opp_Field_Goal_Prob": [0.36017689369666755, 0.0, 0.09461419392448141, 0.08308845822910438, [0.03459874317035189, 0.08308845822910438, 0.14994267513945508], 176], "Opp_Safety_Prob": [0.03146113685444743, 0.0, 0.002494900770686503, 0.000988231248320566, [0.00010428756996908907, 0.000988231248320566, 0.003845351650135332], 176], "Opp_Touchdown_Prob": [0.4968742077888376, 0.0, 0.13997250734835434, 0.1240324963184054, [0.03983411151371629, 0.1240324963184054, 0.22641050343815666], 176], "Field_Goal_Prob": [0.9946049468805124, 0.0, 0.2439059711075907, 0.2313113143643333, [0.15244255709253518, 0.2313113143643333, 0.3261303060461393], 176], "Safety_Prob": [0.015176640776618603, 0.0, 0.002633617486053249, 0.002990326529733375, [0.0018829517557561078, 0.002990326529733375, 0.003581707970348483], 176], "Touchdown_Prob": [0.9129632111833798, 0.0, 0.29594023174416023, 0.3136756165208305, [0.19120638564276815, 0.3136756165208305, 0.40768674974257774], 176], "ExPoint_Prob": [0.993128265571162, 0.0, 0.024071644078095998, 0.0, [0.0, 0.0, 0.0], 0], "TwoPoint_Prob": [0.4735, 0.0, 0.0007026635564451266, 0.0, [0.0, 0.0, 0.0], 0], "ExpPts": [6.50089986140959, -3.8364878036024233, 1.56541481016882, 1.257970762908937, [0.32352585361127617, 1.257970762908937, 2.8820528235952567], 176], "EPA": [9.5080148325983, -13.494136233709593, 0.01911608924065242, 0.0, [-0.5990325101764928, 0.0, 0.5630744342718907], 369], "airEPA": [7.346968512030883, -12.849594291805778, 0.5248176757313311, 0.2959821212641218, [-0.5028954875364521, 0.2959821212641218, 1.3865954837822096], 248394], "yacEPA": [9.559834110152996, -14.0, -0.38608637126011114, 0.0, [-0.9612148203566316, 0.0, 0.4855402674666096], 248498], "Home_WP_pre": [1.0, 0.0, 0.5344876449610336, 0.5312744626168859, [0.32512247188454346, 0.5312744626168859, 0.7692341047537264], 24954], "Away_WP_pre": [1.0, 0.0, 0.4659645906293417, 0.4690522496775291, [0.2314108448499577, 0.4690522496775291, 0.6755313639023927], 24954], "Home_WP_post": [1.0, 0.0, 0.5347905068862138, 0.5336106765754334, [0.3217010286434029, 0.5336106765754334, 0.7728861803521281], 26587], "Away_WP_post": [1.0, 0.0, 0.46561334249328473, 0.4666718937860568, [0.2276938147001874, 0.4666718937860568, 0.6788368398970388], 26587], "Win_Prob": [0.9999999999999998, 0.0, 0.5013199950976236, 0.5044725182821715, [0.2764730415527176, 0.5044725182821715, 0.7254803951848281], 25009], "WPA": [0.994848183353851, -0.9972143386902989, 0.0020990753992248365, 0.0, [-0.014728106209835, 0.0, 0.014684851012276344], 5541], "airWPA": [0.994848183353851, -0.9998808477576268, 0.015134602343444548, 0.0034414681684336035, [-0.011518375798727163, 0.0034414681684336035, 0.035794015762391274], 248501], "yacWPA": [1.0, -0.9866729593758184, -0.01048015733677365, 0.0, [-0.018684189634398, 0.0, 0.011431032011698051], 248762]}